RecordedDate,Q1,Q2,Q3,Q4,Q5,Q6,Q7,Q8,Q9,Q10,Q11,Q12,Q13,Q14,Q15,Q16,Q17,Q18,Q19,Q20,Q21,Q22,Q23,Q24,Q25,Q26,Q27,Q28,Q29,Q30,Q31,Q32,Q33
"{""ImportId"":""recordedDate"",""timeZone"":""America/Denver""}","{""ImportId"":""QID3""}","{""ImportId"":""QID4""}","{""ImportId"":""QID5""}","{""ImportId"":""QID6_TEXT""}","{""ImportId"":""QID7_TEXT""}","{""ImportId"":""QID8""}","{""ImportId"":""QID23_TEXT""}","{""ImportId"":""QID10""}","{""ImportId"":""QID11""}","{""ImportId"":""QID13""}","{""ImportId"":""QID14""}","{""ImportId"":""QID15""}","{""ImportId"":""QID12""}","{""ImportId"":""QID17""}","{""ImportId"":""QID18""}","{""ImportId"":""QID19""}","{""ImportId"":""QID20""}","{""ImportId"":""QID21""}","{""ImportId"":""QID22""}","{""ImportId"":""QID24""}","{""ImportId"":""QID25""}","{""ImportId"":""QID26""}","{""ImportId"":""QID27""}","{""ImportId"":""QID28""}","{""ImportId"":""QID29_TEXT""}","{""ImportId"":""QID30""}","{""ImportId"":""QID31""}","{""ImportId"":""QID32""}","{""ImportId"":""QID33""}","{""ImportId"":""QID34""}","{""ImportId"":""QID35""}","{""ImportId"":""QID36""}","{""ImportId"":""QID37_TEXT""}"
Recorded Date,"Welcome to the Intersectionality Awareness Survey!  

 

We are interested in understanding the awareness of the term ""Intersectionality"" on Xavier campus.  You will be presented with information relevant to Intersectionality and asked to answer some questions about it. Please be assured that your responses will be kept completely confidential.


The study should take you around 10 minutes to complete. Your participation in this independent study is voluntary and anonymous. You have the right to withdraw at any point during the study, for any reason, and without any prejudice. If you have any questions regarding the study, please e-mail Ploy Sithisakulrat at sithisakulratp@xavier.edu


By clicking the button below, you acknowledge that your participation in the study is voluntary, you are 18 years of age, and that you are aware that you may choose to terminate your participation in the study at any time and for any reason.


Please note that this survey will be best displayed on a laptop or desktop computer.  Some features may be less compatible for use on a mobile device.",Affiliation with Xavier University - Selected Choice,"If a student, what year? - Selected Choice",Major(s) (for undergraduate only),Minor(s) (N/A is not applicable),Housing,"If a faculty/staff, from which department/office?",What is your age?,What is your sex that you are assigned at birth - Selected Choice,What is your gender identity? - Selected Choice,Do you consider yourself to be: - Selected Choice,What is your immigration status? - Selected Choice,Which of the following races do you consider yourself to be?  (select all that apply) - Selected Choice,What is the highest level of school you have completed or the highest degree you have received? - Selected Choice,What is your marital status? - Selected Choice,Are you a veteran?,What is your religion/faith? - Selected Choice,"Do you have mental, physical, or any other kind of disability?","Without Googling, do you recognize any of these names?Sean Bell, Micheal Brown, John Crawford, Oscar Grant, and Timothy Stanbury","What about these names?Aiyana Jones, Alesia Thomas, Miriam Carey, Yvette Smith, India Kager, and Sandra Bland",From where/how did you hear those names? (Select all that apply) - Selected Choice,"Have you heard of the term ""Intersectionality""?",Where did you hear it? (Select all that apply) - Selected Choice,Do you know what the term means?,"What is the first word that comes to mind when you see/hear ""Intersectionality""?","​Please take 3 minutes to watch a short video to get familiar with the term ""Intersectionality""​




Who invented the term ""Intersectionality""?","In the Big 8 wheel, which identities you think about most often? (Select all that apply)","In the Big 8 wheel, which identities you think about least often?","In the Big 8 wheel, which are your own identities you would like to learn more about?","In the Big 8 wheel, which identities have the strongest effect on how you see yourself as a person?",Do you know how your identities play different roles in different spaces?,Did the video change your perception of the term?,"Now, what is the first word that comes to mind when you hear ""Intersectionality""?"
3/22/2019 12:02,"I consent, begin the survey",Faculty/Staff Member,,,,,Computer Science,60 or older,Female,Woman,Heterosexual (straight),Non-immigrant,White or Cacasian,"Doctoral degree (e.g. PhD, EdD)",Married,No,Other (specify),No,Yes,Yes,Media/Internet (specify),Yes,Not sure,Maybe,overlapping,Kimberle Crenshaw,"Socioeconomic Status,Sex/Gender,Age,Race/Ethnicity","(Dis)ability (visible/hidden, learning, emotional, mental, physical)",Socioeconomic Status,Sex/Gender,Yes,Yes,belonging
3/22/2019 12:32,"I consent, begin the survey",Faculty/Staff Member,,,,,Computer Science,50-59,Male,Man,Heterosexual (straight),Non-immigrant,White or Cacasian,"Doctoral degree (e.g. PhD, EdD)",Married,No,Jewish,No,No,No,,Yes,Other (specify),Yes,Venn diagram,Kimberle Crenshaw,"Religion,Culture (beliefs, traditions, customs, rites of passage, celebrations)","(Dis)ability (visible/hidden, learning, emotional, mental, physical)","Religion,Race/Ethnicity,Culture (beliefs, traditions, customs, rites of passage, celebrations)","Religion,Culture (beliefs, traditions, customs, rites of passage, celebrations)",Maybe,No,
3/25/2019 12:39,"I consent, begin the survey",Faculty/Staff Member,,,,,Classics and Modern Languages,40-49,Female,Woman,Heterosexual (straight),Non-immigrant,White or Cacasian,"Master's degree (e.g. MA, MS, MEd)",Married,No,"Christian (including Catholic, Protestant, and all other Christian denominations)",No,No,Yes,NEWS (specify),No,,No,,Kimberle Crenshaw,"Socioeconomic Status,Sex/Gender,Age,Race/Ethnicity","Sexual Orientation,Culture (beliefs, traditions, customs, rites of passage, celebrations),(Dis)ability (visible/hidden, learning, emotional, mental, physical)",,"Socioeconomic Status,Sex/Gender,Age",Maybe,Yes,Identities
3/25/2019 12:55,"I consent, begin the survey",Faculty/Staff Member,,,,,University Relations,30-39,Female,Woman,Heterosexual (straight),Non-immigrant,White or Cacasian,Bachelor's degree in college (4-year),Married,No,Prefer not to answer,No,Yes,No,"NEWS (specify),BLM movement",Yes,Workplace,Maybe,society and culture change,Kimberle Crenshaw,"Socioeconomic Status,Sex/Gender,Race/Ethnicity","Sexual Orientation,Religion,Age","Race/Ethnicity,Culture (beliefs, traditions, customs, rites of passage, celebrations)",Sex/Gender,Yes,No,
3/25/2019 12:58,"I consent, begin the survey",Faculty/Staff Member,,,,,College of Professional Sciences,60 or older,Female,Woman,Heterosexual (straight),Non-immigrant,White or Cacasian,"Doctoral degree (e.g. PhD, EdD)",Married,No,Prefer not to answer,No,No,No,,Yes,"Social media/Internet,NEWS",Maybe,Non-binary,Kimberle Crenshaw,"Sexual Orientation,Religion,Socioeconomic Status,Sex/Gender,Age,Race/Ethnicity,Culture (beliefs, traditions, customs, rites of passage, celebrations),(Dis)ability (visible/hidden, learning, emotional, mental, physical)",,,"Socioeconomic Status,Sex/Gender,Age,Race/Ethnicity",Yes,Yes,coming together
3/25/2019 13:13,"I consent, begin the survey",Faculty/Staff Member,,,,,library,50-59,Female,Woman,Heterosexual (straight),Non-immigrant,White or Cacasian,"Master's degree (e.g. MA, MS, MEd)",Divorced,No,"Christian (including Catholic, Protestant, and all other Christian denominations)",No,No,No,,Yes,Workplace,Yes,multiple identities,Kimberle Crenshaw,"Culture (beliefs, traditions, customs, rites of passage, celebrations)",Age,,Socioeconomic Status,Yes,No,
3/25/2019 13:18,"I consent, begin the survey",Faculty/Staff Member,,,,,Risk Management,40-49,Female,Woman,Heterosexual (straight),Non-immigrant,"White or Cacasian,Other (specify)",Bachelor's degree in college (4-year),Married,No,"Christian (including Catholic, Protestant, and all other Christian denominations)",No,Yes,Yes,"NEWS (specify),Media/Internet (specify)",Maybe,"Social media/Internet,Not sure",Yes,diversity,Kimberle Crenshaw,"Sexual Orientation,Religion,Socioeconomic Status,Sex/Gender,Race/Ethnicity",Age,"Race/Ethnicity,Culture (beliefs, traditions, customs, rites of passage, celebrations)","Socioeconomic Status,Race/Ethnicity",Yes,No,
3/25/2019 13:55,"I consent, begin the survey",Faculty/Staff Member,,,,,auxiliary services,40-49,Male,Man,Heterosexual (straight),Non-immigrant,White or Cacasian,"Master's degree (e.g. MA, MS, MEd)",Single,No,Other (specify),No,No,No,,No,,No,,Kimberle Crenshaw,"Socioeconomic Status,Age,Race/Ethnicity","Religion,Culture (beliefs, traditions, customs, rites of passage, celebrations),(Dis)ability (visible/hidden, learning, emotional, mental, physical)",Age,"Age,Race/Ethnicity",No,Yes,crossing
3/25/2019 15:47,"I consent, begin the survey",Faculty/Staff Member,,,,,Financial Administration,40-49,Female,Woman,Heterosexual (straight),Non-immigrant,White or Cacasian,Associate degree in college (2-year),Married,No,"Christian (including Catholic, Protestant, and all other Christian denominations)",No,No,No,,Yes,"Classroom/coursework (specify),Workplace,Club(s)/event(s) (specify),Department/Office on campus (specify)",Yes,layers,Kimberle Crenshaw,"Sexual Orientation,Religion,Age","Socioeconomic Status,Culture (beliefs, traditions, customs, rites of passage, celebrations)",Socioeconomic Status,"Socioeconomic Status,Age,Race/Ethnicity",Yes,No,
3/25/2019 16:27,"I consent, begin the survey",Faculty/Staff Member,,,,,University Library,21-29,Female,Woman,Bisexual,Non-immigrant,White or Cacasian,Bachelor's degree in college (4-year),Single,No,Atheist,No,No,Yes,"NEWS (specify),Media/Internet (specify),Conversation with other people,Friends,BLM movement",Yes,"Classroom/coursework (specify),Friends,Conversation with other people",Yes,Overlap,Kimberle Crenshaw,"Religion,Socioeconomic Status,Sex/Gender,Age,Race/Ethnicity","Sexual Orientation,Culture (beliefs, traditions, customs, rites of passage, celebrations),(Dis)ability (visible/hidden, learning, emotional, mental, physical)",Sexual Orientation,"Sexual Orientation,Religion,Socioeconomic Status,Sex/Gender",Yes,No,
3/25/2019 19:30,"I consent, begin the survey",Faculty/Staff Member,,,,,Management,40-49,Female,Woman,Heterosexual (straight),Immigrant,Asian or Asian American,"Doctoral degree (e.g. PhD, EdD)",Married,No,"Christian (including Catholic, Protestant, and all other Christian denominations)",No,No,No,,No,,No,,Kimberle Crenshaw,Race/Ethnicity,"(Dis)ability (visible/hidden, learning, emotional, mental, physical)","Culture (beliefs, traditions, customs, rites of passage, celebrations)",Religion,Maybe,No,
3/26/2019 3:54,"I consent, begin the survey",Faculty/Staff Member,,,,,nursing,60 or older,Female,Woman,Heterosexual (straight),Non-immigrant,White or Cacasian,"Master's degree (e.g. MA, MS, MEd)",Married,No,"Christian (including Catholic, Protestant, and all other Christian denominations)",No,No,Yes,Conversation with other people,No,,No,,Kimberle Crenshaw,"Religion,Socioeconomic Status,Sex/Gender,Age,Race/Ethnicity,Culture (beliefs, traditions, customs, rites of passage, celebrations),(Dis)ability (visible/hidden, learning, emotional, mental, physical)",Sexual Orientation,"Religion,Culture (beliefs, traditions, customs, rites of passage, celebrations)","Religion,Culture (beliefs, traditions, customs, rites of passage, celebrations)",Yes,Yes,connection
3/26/2019 6:39,"I consent, begin the survey",Faculty/Staff Member,,,,,student affairs,40-49,Female,Woman,Heterosexual (straight),Immigrant,White or Cacasian,Bachelor's degree in college (4-year),Married,No,"Christian (including Catholic, Protestant, and all other Christian denominations)",No,No,No,,Maybe,Not sure,Maybe,interconnected,Kimberle Crenshaw,"Race/Ethnicity,Culture (beliefs, traditions, customs, rites of passage, celebrations),(Dis)ability (visible/hidden, learning, emotional, mental, physical)","Sexual Orientation,Sex/Gender,Age","Culture (beliefs, traditions, customs, rites of passage, celebrations)","Sex/Gender,Age,Culture (beliefs, traditions, customs, rites of passage, celebrations)",Yes,Yes,interconnection
3/26/2019 6:51,"I consent, begin the survey",Faculty/Staff Member,,,,,Financial Administration Division,30-39,Male,Man,Heterosexual (straight),Non-immigrant,White or Cacasian,Bachelor's degree in college (4-year),Married,No,Other (specify),No,Yes,No,NEWS (specify),No,,No,,Kimberle Crenshaw,"Socioeconomic Status,Culture (beliefs, traditions, customs, rites of passage, celebrations)","Sex/Gender,Age,(Dis)ability (visible/hidden, learning, emotional, mental, physical)","Sexual Orientation,Religion,Race/Ethnicity","Socioeconomic Status,Culture (beliefs, traditions, customs, rites of passage, celebrations)",Maybe,Yes,Togetherness
3/26/2019 7:01,"I consent, begin the survey",Faculty/Staff Member,,,,,Division of Enrollment Management ,60 or older,Female,Woman,Heterosexual (straight),Non-immigrant,White or Cacasian,"Master's degree (e.g. MA, MS, MEd)",Married,No,"Christian (including Catholic, Protestant, and all other Christian denominations)",No,Yes,Yes,"NEWS (specify),Conversation with other people,Club(s)/event(s)",Yes,"Workplace,Club(s)/event(s) (specify),NEWS,Conversation with other people",Yes,Magnified disadvantage.  (Sorry for giving you two words.),Kimberle Crenshaw,"Sexual Orientation,Socioeconomic Status,Race/Ethnicity,Culture (beliefs, traditions, customs, rites of passage, celebrations),(Dis)ability (visible/hidden, learning, emotional, mental, physical)","Religion,Sex/Gender,Age","Religion,Age,Race/Ethnicity","Sexual Orientation,Religion,Socioeconomic Status,Sex/Gender,Race/Ethnicity,Culture (beliefs, traditions, customs, rites of passage, celebrations)",Yes,No,
3/26/2019 7:11,"I consent, begin the survey",Faculty/Staff Member,,,,,Disability Services,50-59,Female,Woman,Heterosexual (straight),Non-immigrant,White or Cacasian,"Master's degree (e.g. MA, MS, MEd)",Divorced,No,"Christian (including Catholic, Protestant, and all other Christian denominations)",No,Yes,Yes,"Media/Internet (specify),Conversation with other people",Yes,"Workplace,Social media/Internet",Maybe,relationship crossover,Kimberle Crenshaw,"Sexual Orientation,Race/Ethnicity,(Dis)ability (visible/hidden, learning, emotional, mental, physical)","Socioeconomic Status,Age",,Socioeconomic Status,Maybe,No,
3/26/2019 7:25,"I consent, begin the survey",Faculty/Staff Member,,,,,School of Education,50-59,Male,Man,Heterosexual (straight),Non-immigrant,White or Cacasian,"Doctoral degree (e.g. PhD, EdD)",Married,No,"Christian (including Catholic, Protestant, and all other Christian denominations)",Yes,Yes,Yes,"NEWS (specify),Media/Internet (specify),Conversation with other people,Family,Friends",No,,No,,Kimberle Crenshaw,"Socioeconomic Status,Sex/Gender,Race/Ethnicity,(Dis)ability (visible/hidden, learning, emotional, mental, physical)",Age,,"Sexual Orientation,Religion,Socioeconomic Status,Age,(Dis)ability (visible/hidden, learning, emotional, mental, physical)",Yes,Yes,Intersection
3/26/2019 7:57,"I consent, begin the survey",Faculty/Staff Member,,,,,University Relations,50-59,Female,Woman,Heterosexual (straight),Non-immigrant,White or Cacasian,"Master's degree (e.g. MA, MS, MEd)",Single,No,"Christian (including Catholic, Protestant, and all other Christian denominations)",No,No,Yes,"NEWS (specify),Media/Internet (specify),BLM movement",Yes,"Social media/Internet,Friends",Maybe,overlap,Kimberle Crenshaw,"Sexual Orientation,Sex/Gender,Race/Ethnicity,Culture (beliefs, traditions, customs, rites of passage, celebrations)","Socioeconomic Status,Age,(Dis)ability (visible/hidden, learning, emotional, mental, physical)",,"Religion,Sex/Gender,Race/Ethnicity",Yes,Yes,overlap
3/26/2019 7:59,"I consent, begin the survey",Faculty/Staff Member,,,,,Alumni Relations,40-49,Female,Woman,Heterosexual (straight),Non-immigrant,White or Cacasian,Associate degree in college (2-year),Widowed,No,"Christian (including Catholic, Protestant, and all other Christian denominations)",No,No,No,,No,,No,,Kimberle Crenshaw,"Religion,Culture (beliefs, traditions, customs, rites of passage, celebrations),(Dis)ability (visible/hidden, learning, emotional, mental, physical)","Sexual Orientation,Socioeconomic Status","Socioeconomic Status,Culture (beliefs, traditions, customs, rites of passage, celebrations)","Religion,Sex/Gender,Age,Culture (beliefs, traditions, customs, rites of passage, celebrations)",Maybe,Yes,differences
3/26/2019 8:34,"I consent, begin the survey",Faculty/Staff Member,,,,,Montessori Education,30-39,Female,Woman,Heterosexual (straight),Non-immigrant,White or Cacasian,"Master's degree (e.g. MA, MS, MEd)",Married,No,"Christian (including Catholic, Protestant, and all other Christian denominations)",No,Yes,No,"NEWS (specify),Media/Internet (specify)",Yes,Training/workshop (specify),Yes,privilege awareness,Kimberle Crenshaw,"Socioeconomic Status,Sex/Gender,Race/Ethnicity","Sexual Orientation,Religion","Sex/Gender,Age,Race/Ethnicity","Socioeconomic Status,Sex/Gender,Race/Ethnicity",Yes,No,
3/26/2019 9:56,"I consent, begin the survey",Faculty/Staff Member,,,,,Classics and Modern Languages ,40-49,Female,Woman,Heterosexual (straight),Immigrant,"White or Cacasian,Other (specify)","Doctoral degree (e.g. PhD, EdD)",Married,No,Jewish,Prefer not to answer,Yes,Yes,"NEWS (specify),Media/Internet (specify)",Yes,"Social media/Internet,Kimberle Crenshaw",Yes,Intersection of oppressions ,Kimberle Crenshaw,"Religion,Race/Ethnicity,Culture (beliefs, traditions, customs, rites of passage, celebrations)",Sexual Orientation,,"Race/Ethnicity,Culture (beliefs, traditions, customs, rites of passage, celebrations)",Yes,No,
3/26/2019 9:56,"I consent, begin the survey",Faculty/Staff Member,,,,,The Williams College of Business,40-49,Female,Woman,Heterosexual (straight),Non-immigrant,White or Cacasian,"Master's degree (e.g. MA, MS, MEd)",Divorced,No,"Christian (including Catholic, Protestant, and all other Christian denominations)",No,No,No,,Yes,Workplace,Yes,"Where things meet, where they intersect, connections",Kimberle Crenshaw,"Sex/Gender,Age,Race/Ethnicity","Socioeconomic Status,Culture (beliefs, traditions, customs, rites of passage, celebrations),(Dis)ability (visible/hidden, learning, emotional, mental, physical)","Culture (beliefs, traditions, customs, rites of passage, celebrations)",Sex/Gender,Yes,No,
3/26/2019 10:14,"I consent, begin the survey",Faculty/Staff Member,,,,,WCB management & entrepreneurship,50-59,Female,Woman,Heterosexual (straight),Non-immigrant,White or Cacasian,"Master's degree (e.g. MA, MS, MEd)",Married,No,"Christian (including Catholic, Protestant, and all other Christian denominations)",No,No,Yes,Media/Internet (specify),Yes,Social media/Internet,Yes,merging,Kimberle Crenshaw,"Socioeconomic Status,Sex/Gender,Race/Ethnicity",Religion,"Culture (beliefs, traditions, customs, rites of passage, celebrations)",Sex/Gender,Yes,No,
3/26/2019 11:42,"I consent, begin the survey",Faculty/Staff Member,,,,,Office of Student Financial Services,50-59,Female,Woman,Heterosexual (straight),Non-immigrant,White or Cacasian,Some college but no degree,Married,No,"Christian (including Catholic, Protestant, and all other Christian denominations)",No,No,No,,No,,No,,Kimberle Crenshaw,"Socioeconomic Status,Sex/Gender,Race/Ethnicity","Religion,Culture (beliefs, traditions, customs, rites of passage, celebrations)","Race/Ethnicity,Culture (beliefs, traditions, customs, rites of passage, celebrations)","Sex/Gender,Age",Yes,Yes,differences
3/26/2019 12:39,"I consent, begin the survey",Faculty/Staff Member,,,,,BAIS,50-59,Male,Man,Heterosexual (straight),Non-immigrant,White or Cacasian,"Doctoral degree (e.g. PhD, EdD)",Married,No,Prefer not to answer,No,No,No,,No,,No,,Kimberle Crenshaw,Age,"(Dis)ability (visible/hidden, learning, emotional, mental, physical)","Culture (beliefs, traditions, customs, rites of passage, celebrations)","Culture (beliefs, traditions, customs, rites of passage, celebrations)",Maybe,Yes,identity
3/26/2019 15:49,"I consent, begin the survey",Faculty/Staff Member,,,,,Marketing- Business School,60 or older,Female,Woman,Heterosexual (straight),Non-immigrant,White or Cacasian,"Doctoral degree (e.g. PhD, EdD)",Married,No,"Christian (including Catholic, Protestant, and all other Christian denominations)",No,No,No,,No,,Maybe,bi-sexual,Kimberle Crenshaw,"Age,Culture (beliefs, traditions, customs, rites of passage, celebrations)","Sexual Orientation,Religion,Socioeconomic Status,Race/Ethnicity",,"Age,Culture (beliefs, traditions, customs, rites of passage, celebrations)",Yes,Yes,"combination of gender, abilities, culture and socioeconomic status comprise an individual"
3/27/2019 6:41,"I consent, begin the survey",Faculty/Staff Member,,,,,"College of Professional Sciences, School of Education ",50-59,Female,Woman,Heterosexual (straight),Prefer not to answer,From multiple races,Associate degree in college (2-year),Married,No,"Christian (including Catholic, Protestant, and all other Christian denominations)",No,No,No,,Maybe,"Social media/Internet,Conversation with other people",Maybe,connecting ,Kimberle Crenshaw,,,,Sex/Gender,Yes,No,
3/27/2019 7:42,"I consent, begin the survey",Faculty/Staff Member,,,,,enrollment management,30-39,Female,Woman,Heterosexual (straight),Non-immigrant,White or Cacasian,"Master's degree (e.g. MA, MS, MEd)",Married,No,"Christian (including Catholic, Protestant, and all other Christian denominations)",No,No,No,,Yes,"Classroom/coursework (specify),Workplace,Training/workshop (specify),Department/Office on campus (specify),Conversation with other people",Yes,identities,Kimberle Crenshaw,"Sexual Orientation,Religion,Socioeconomic Status,Sex/Gender,Race/Ethnicity","Culture (beliefs, traditions, customs, rites of passage, celebrations)","(Dis)ability (visible/hidden, learning, emotional, mental, physical)","Sexual Orientation,Socioeconomic Status,Sex/Gender",Yes,No,
3/27/2019 9:45,"I consent, begin the survey",Faculty/Staff Member,,,,,Biology,60 or older,Female,Woman,Heterosexual (straight),Non-immigrant,White or Cacasian,"Doctoral degree (e.g. PhD, EdD)",Married,No,"Christian (including Catholic, Protestant, and all other Christian denominations)",No,Yes,Yes,NEWS (specify),Yes,NEWS,Maybe,"belonging to two or more cultural groupings or categories.  Generally used in the context of oppression, but I don't know if that is a requirement.",Kimberle Crenshaw,"Socioeconomic Status,Race/Ethnicity,(Dis)ability (visible/hidden, learning, emotional, mental, physical)","Religion,Age","Culture (beliefs, traditions, customs, rites of passage, celebrations)","Socioeconomic Status,Sex/Gender,Age",No,No,
3/28/2019 8:23,"I consent, begin the survey",Faculty/Staff Member,,,,,Institutional Diversity and Inclusion,60 or older,Female,Woman,Heterosexual (straight),Non-immigrant,Black or African American,"Doctoral degree (e.g. PhD, EdD)",Married,No,"Christian (including Catholic, Protestant, and all other Christian denominations)",No,Yes,Yes,"NEWS (specify),Media/Internet (specify)",Yes,"Workplace,Training/workshop (specify),Friends",Yes,intersection,Kimberle Crenshaw,"Sexual Orientation,Religion,Socioeconomic Status,Sex/Gender,Age,Race/Ethnicity","Culture (beliefs, traditions, customs, rites of passage, celebrations),(Dis)ability (visible/hidden, learning, emotional, mental, physical)","Sex/Gender,Race/Ethnicity","Sex/Gender,Age,Race/Ethnicity",Yes,No,
4/1/2019 11:12,"I consent, begin the survey",Faculty/Staff Member,,,,,Marketing and Communications,21-29,Female,Woman,Other (specify),Non-immigrant,White or Cacasian,Bachelor's degree in college (4-year),In a domestic partnership,No,Other (specify),No,No,Yes,"Media/Internet (specify),Conversation with other people,Friends",Yes,"Classroom/coursework (specify),Social media/Internet,Friends,Conversation with other people",Yes,Complex,Kimberle Crenshaw,"Socioeconomic Status,Sex/Gender","Sexual Orientation,Religion,Age,Race/Ethnicity,Culture (beliefs, traditions, customs, rites of passage, celebrations),(Dis)ability (visible/hidden, learning, emotional, mental, physical)","Socioeconomic Status,Culture (beliefs, traditions, customs, rites of passage, celebrations)","Socioeconomic Status,Age",Yes,Yes,Identity
4/8/2019 12:03,"I consent, begin the survey",Faculty/Staff Member,,,,,sociology,60 or older,Female,Woman,Prefer not to say,Prefer not to answer,White or Cacasian,"Professional degree (JD, MD)",Prefer not to answer,No,Prefer not to answer,Prefer not to answer,No,No,,Maybe,,,,,,,,,,,
4/8/2019 13:10,"I consent, begin the survey",Faculty/Staff Member,,,,,Diversity and Inclusion,40-49,Female,Woman,Heterosexual (straight),Non-immigrant,From multiple races,Some college but no degree,Prefer not to answer,No,"Christian (including Catholic, Protestant, and all other Christian denominations)",No,Yes,Yes,"NEWS (specify),Media/Internet (specify),Conversation with other people,Family",No,,Maybe,,,,,,,,,
4/8/2019 14:45,"I consent, begin the survey",Faculty/Staff Member,,,,,Finance,50-59,Female,Woman,Heterosexual (straight),Non-immigrant,White or Cacasian,Bachelor's degree in college (4-year),Married,No,"Christian (including Catholic, Protestant, and all other Christian denominations)",No,No,No,,No,,No,,Kimberle Crenshaw,,,,,Maybe,Yes,
4/9/2019 6:12,"I consent, begin the survey",Faculty/Staff Member,,,,,Academic Affairs Division,50-59,Female,Woman,Heterosexual (straight),Non-immigrant,White or Cacasian,"Master's degree (e.g. MA, MS, MEd)",Married,No,"Christian (including Catholic, Protestant, and all other Christian denominations)",No,No,No,,Maybe,,,,,,,,,,,
4/9/2019 7:11,"I consent, begin the survey",Faculty/Staff Member,,,,,Student Affairs,30-39,Female,Woman,Heterosexual (straight),Non-immigrant,White or Cacasian,"Doctoral degree (e.g. PhD, EdD)",Married,No,Prefer not to answer,No,Yes,Yes,,,,,,,,,,,,,
4/9/2019 7:41,"I consent, begin the survey",Faculty/Staff Member,,,,,Financial Administration,30-39,Female,Woman,Heterosexual (straight),Non-immigrant,Black or African American,Bachelor's degree in college (4-year),Married,No,"Christian (including Catholic, Protestant, and all other Christian denominations)",No,Yes,Yes,"NEWS (specify),Media/Internet (specify),Conversation with other people,Family,Friends",No,,No,,,,,,,,,
4/9/2019 10:23,"I consent, begin the survey",Faculty/Staff Member,,,,,Informational Technologies,40-49,Male,Man,Heterosexual (straight),Non-immigrant,White or Cacasian,"Master's degree (e.g. MA, MS, MEd)",Other,No,"Christian (including Catholic, Protestant, and all other Christian denominations)",Prefer not to answer,No,No,,,,,,,,,,,,,
4/12/2019 14:19,"I consent, begin the survey",Faculty/Staff Member,,,,,Office of Residence Life,30-39,Female,Woman,Heterosexual (straight),Non-immigrant,White or Cacasian,Bachelor's degree in college (4-year),In a domestic partnership,No,Other (specify),Yes,,,,,,,,,,,,,,,
4/5/2019 14:41,"I consent, begin the survey",Other (specify),,,,,,21-29,Female,Woman,Prefer not to say,Non-immigrant,White or Cacasian,Bachelor's degree in college (4-year),Single,No,"Christian (including Catholic, Protestant, and all other Christian denominations)",No,No,No,,Yes,"Social media/Internet,Training/workshop (specify)",Yes,Intersections of disadvantage,Kimberle Crenshaw,Sex/Gender,"(Dis)ability (visible/hidden, learning, emotional, mental, physical)",Socioeconomic Status,Socioeconomic Status,Yes,Yes,
3/22/2019 11:53,"I consent, begin the survey",Student,First-Year,Computer science ,Business analytics ,On-campus,,18-20,Female,Woman,Heterosexual (straight),Non-immigrant,White or Cacasian,Some college but no degree,Single,No,"Christian (including Catholic, Protestant, and all other Christian denominations)",No,Yes,Yes,"NEWS (specify),Media/Internet (specify),Family,BLM movement",Yes,"Classroom/coursework (specify),NEWS",Maybe,Connected ,Kimberle Crenshaw,"Sex/Gender,Race/Ethnicity,Culture (beliefs, traditions, customs, rites of passage, celebrations)","Sexual Orientation,Age",Religion,Race/Ethnicity,Yes,Yes,Oppression 
3/22/2019 11:53,"I consent, begin the survey",Student,5th year senior,Computer Science,,Commute from home,,21-29,Male,Man,Bisexual,Non-immigrant,White or Cacasian,Some college but no degree,Single,No,Atheist,Yes,Yes,Yes,"NEWS (specify),Media/Internet (specify)",No,,No,,Kimberle Crenshaw,"Sexual Orientation,Sex/Gender,(Dis)ability (visible/hidden, learning, emotional, mental, physical)","Socioeconomic Status,Age,Race/Ethnicity","(Dis)ability (visible/hidden, learning, emotional, mental, physical)","(Dis)ability (visible/hidden, learning, emotional, mental, physical)",Yes,No,
3/22/2019 12:07,"I consent, begin the survey",Student,Junior,Computer science ,"Gender and diversity studies, criminalistics ",Off-campus,,21-29,Female,Woman,Heterosexual (straight),Non-immigrant,White or Cacasian,High school graduate (high school diploma or equivalent including GED),Single,No,Taoist,No,Yes,Yes,"NEWS (specify),Media/Internet (specify),Friends,BLM movement",Yes,"Classroom/coursework (specify),Club(s)/event(s) (specify),Friends,Conversation with other people",Yes,People,Kimberle Crenshaw,"Sexual Orientation,Religion,Socioeconomic Status,Sex/Gender,Race/Ethnicity","Age,Culture (beliefs, traditions, customs, rites of passage, celebrations)","Sexual Orientation,Religion,Race/Ethnicity,Culture (beliefs, traditions, customs, rites of passage, celebrations)","Sex/Gender,Race/Ethnicity",Yes,No,
3/22/2019 12:16,"I consent, begin the survey",Student,Senior,computer science,information systems,Commute from home,,21-29,Male,Man,Heterosexual (straight),Non-immigrant,White or Cacasian,Some college but no degree,Single,No,Atheist,Yes,No,No,,Yes,Conversation with other people,Yes,diversity,Kimberle Crenshaw,"Socioeconomic Status,Sex/Gender,Age,(Dis)ability (visible/hidden, learning, emotional, mental, physical)",Religion,"Sexual Orientation,Culture (beliefs, traditions, customs, rites of passage, celebrations)","(Dis)ability (visible/hidden, learning, emotional, mental, physical)",Yes,Yes,equality
3/22/2019 12:32,"I consent, begin the survey",Student,Senior,CS,,Off-campus,,21-29,Intersex,Other (specify),Other (specify),Prefer not to answer,Black or African American,Bachelor's degree in college (4-year),Widowed,No,Jainism,No,Yes,Yes,Other (specify),Yes,Kimberle Crenshaw,Yes,Bullshit,Kimberle Crenshaw,,,,,Maybe,No,
3/22/2019 12:54,"I consent, begin the survey",Student,First-Year,Computer Science and Marketing,N/A,On-campus,,18-20,Female,Woman,Heterosexual (straight),Non-immigrant,Other (specify),Some college but no degree,Single,No,"Christian (including Catholic, Protestant, and all other Christian denominations)",Yes,No,Yes,Conversation with other people,Yes,"Social media/Internet,Friends,Family,High school",Maybe,inclusion,Kimberle Crenshaw,"Sexual Orientation,Sex/Gender,Race/Ethnicity","(Dis)ability (visible/hidden, learning, emotional, mental, physical)",Sex/Gender,"Sexual Orientation,Religion,Socioeconomic Status,Sex/Gender,Race/Ethnicity,Culture (beliefs, traditions, customs, rites of passage, celebrations)",Yes,No,
3/22/2019 12:58,"I consent, begin the survey",Student,Sophomore,Biology and Computer Science ,Math and Chemistry ,On-campus,,18-20,Male,Man,Bisexual,Other,Asian or Asian American,Some college but no degree,Single,No,Hindu,No,No,No,,Yes,Classroom/coursework (specify),Maybe,"Different people, be it race, gender, etc, coming together in solidarity. ",Kimberle Crenshaw,"Sexual Orientation,Socioeconomic Status,Sex/Gender,Culture (beliefs, traditions, customs, rites of passage, celebrations)","Religion,Age,Race/Ethnicity,(Dis)ability (visible/hidden, learning, emotional, mental, physical)","Sexual Orientation,Socioeconomic Status","Sexual Orientation,Socioeconomic Status,Culture (beliefs, traditions, customs, rites of passage, celebrations)",No,Yes,"An interconnection of race, social status, and gender as it applies to one person. "
3/22/2019 13:25,"I consent, begin the survey",Student,Junior,"Criminal Justice, Computer Science",Peace & Justice Studies,Off-campus,,21-29,Male,Man,Heterosexual (straight),Non-immigrant,White or Cacasian,Some college but no degree,Single,No,"Christian (including Catholic, Protestant, and all other Christian denominations)",No,Yes,Yes,"NEWS (specify),Conversation with other people",Yes,Not sure,Maybe,Cross-culture,Kimberle Crenshaw,"Socioeconomic Status,Sex/Gender,Age,Race/Ethnicity","Religion,Culture (beliefs, traditions, customs, rites of passage, celebrations)","Socioeconomic Status,Culture (beliefs, traditions, customs, rites of passage, celebrations),(Dis)ability (visible/hidden, learning, emotional, mental, physical)","Age,Race/Ethnicity,Culture (beliefs, traditions, customs, rites of passage, celebrations)",Yes,No,
3/22/2019 13:33,"I consent, begin the survey",Student,Sophomore,Technical Theatre and Computer Science(BA),N/A,Off-campus,,18-20,Female,Woman,Homosexual (gay),Non-immigrant,White or Cacasian,High school graduate (high school diploma or equivalent including GED),Single,No,Atheist,No,No,No,,No,,No,,Kimberle Crenshaw,"Sexual Orientation,Religion,Socioeconomic Status","Sex/Gender,Race/Ethnicity,Culture (beliefs, traditions, customs, rites of passage, celebrations),(Dis)ability (visible/hidden, learning, emotional, mental, physical)",,Religion,Yes,No,
3/22/2019 13:43,"I consent, begin the survey",Student,Sophomore,Computer Science,N/A,On-campus,,18-20,Female,Woman,Homosexual (gay),Non-immigrant,White or Cacasian,High school graduate (high school diploma or equivalent including GED),Single,No,Prefer not to answer,No,Yes,No,"Conversation with other people,Family",Yes,"Workplace,Social media/Internet,Friends,Conversation with other people",No,,Kimberle Crenshaw,"Sexual Orientation,Religion,Socioeconomic Status","Sex/Gender,Culture (beliefs, traditions, customs, rites of passage, celebrations),(Dis)ability (visible/hidden, learning, emotional, mental, physical)","Sexual Orientation,Sex/Gender,Culture (beliefs, traditions, customs, rites of passage, celebrations),(Dis)ability (visible/hidden, learning, emotional, mental, physical)",Sexual Orientation,Yes,No,
3/22/2019 13:55,"I consent, begin the survey",Student,Junior,Computer science ,,Off-campus,,18-20,Male,Man,Heterosexual (straight),Non-immigrant,White or Cacasian,Some college but no degree,Single,No,"Christian (including Catholic, Protestant, and all other Christian denominations)",Yes,No,No,,No,,No,,Kimberle Crenshaw,"Sex/Gender,Age","Socioeconomic Status,Culture (beliefs, traditions, customs, rites of passage, celebrations)","Culture (beliefs, traditions, customs, rites of passage, celebrations),(Dis)ability (visible/hidden, learning, emotional, mental, physical)","Sex/Gender,Age,(Dis)ability (visible/hidden, learning, emotional, mental, physical)",No,No,
3/22/2019 14:13,"I consent, begin the survey",Student,Junior,Computer Science ,,Commute from home,,21-29,Male,Man,Heterosexual (straight),Immigrant,White or Cacasian,Some college but no degree,Single,No,"Christian (including Catholic, Protestant, and all other Christian denominations)",No,No,No,,No,,No,,Kimberle Crenshaw,"Culture (beliefs, traditions, customs, rites of passage, celebrations)",Sex/Gender,,,No,No,
3/22/2019 15:18,"I consent, begin the survey",Student,Senior,"Computer Science, English, and Digital Innovation Film & Television (DIFT)",Peace Studies,Commute from home,,21-29,Female,Woman,Heterosexual (straight),Non-immigrant,Other (specify),Bachelor's degree in college (4-year),Single,No,Muslim,No,Yes,Yes,"NEWS (specify),Conversation with other people,Family,Friends",Yes,"Classroom/coursework (specify),Workplace,Club(s)/event(s) (specify),Social media/Internet,Friends,Conversation with other people",Yes,In between or crossing between multiple different spaces at once,Kimberle Crenshaw,"Religion,Sex/Gender,Race/Ethnicity,Culture (beliefs, traditions, customs, rites of passage, celebrations)","Socioeconomic Status,Age,(Dis)ability (visible/hidden, learning, emotional, mental, physical)","Sexual Orientation,Religion,Socioeconomic Status,Sex/Gender,Age,Race/Ethnicity,Culture (beliefs, traditions, customs, rites of passage, celebrations),(Dis)ability (visible/hidden, learning, emotional, mental, physical)","Religion,Race/Ethnicity,Culture (beliefs, traditions, customs, rites of passage, celebrations)",Yes,No,
3/22/2019 15:38,"I do not consent, I do not wish to participate",Student,Junior,Computer Science B.S ,Advanced Technology ,Off-campus,,18-20,Male,Man,Heterosexual (straight),Non-immigrant,White or Cacasian,High school graduate (high school diploma or equivalent including GED),Single,No,"Christian (including Catholic, Protestant, and all other Christian denominations)",No,Yes,Yes,Conversation with other people,Yes,"Workplace,Friends,Family,High school,Conversation with other people",No,,Kimberle Crenshaw,"Religion,Socioeconomic Status,Culture (beliefs, traditions, customs, rites of passage, celebrations)","Sexual Orientation,Sex/Gender,Age,Race/Ethnicity",,"Religion,Sex/Gender,Culture (beliefs, traditions, customs, rites of passage, celebrations)",Yes,No,
3/22/2019 17:28,"I consent, begin the survey",Student,Senior,Computer Science and Music Studies ,Music Studies,Off-campus,,21-29,Male,Man,Bisexual,Non-immigrant,White or Cacasian,High school graduate (high school diploma or equivalent including GED),Single,No,"Christian (including Catholic, Protestant, and all other Christian denominations)",No,No,No,,Yes,"Classroom/coursework (specify),Club(s)/event(s) (specify),Department/Office on campus (specify),Friends",Maybe,Being diverse in idtying with different cultures ,Kimberle Crenshaw,"Sexual Orientation,Religion,Socioeconomic Status,Sex/Gender,Age,Race/Ethnicity,Culture (beliefs, traditions, customs, rites of passage, celebrations)","(Dis)ability (visible/hidden, learning, emotional, mental, physical)","Culture (beliefs, traditions, customs, rites of passage, celebrations)","Sexual Orientation,Religion,Sex/Gender,Age",Yes,No,
3/22/2019 19:17,"I consent, begin the survey",Student,Junior,Computer Science,Mathematics,On-campus,,21-29,Female,Woman,Heterosexual (straight),Non-immigrant,White or Cacasian,Some college but no degree,Single,No,"Christian (including Catholic, Protestant, and all other Christian denominations)",No,No,Yes,NEWS (specify),Yes,Classroom/coursework (specify),Maybe,People having things in common or having multiple traits,Kimberle Crenshaw,"Religion,Sex/Gender,Age,(Dis)ability (visible/hidden, learning, emotional, mental, physical)",,Age,,Maybe,No,
3/22/2019 19:39,"I consent, begin the survey",Student,Senior,"Classics & Philosophy Honors Bachelor of Arts, Computer Science",Philosophy,Commute from home,,21-29,Male,Man,Prefer not to say,Non-immigrant,White or Cacasian,Some college but no degree,Single,No,"Christian (including Catholic, Protestant, and all other Christian denominations)",No,No,No,,Yes,Not sure,Maybe,Crossover,Kimberle Crenshaw,"Sexual Orientation,Religion,Socioeconomic Status","Sex/Gender,Age,(Dis)ability (visible/hidden, learning, emotional, mental, physical)","Sexual Orientation,Culture (beliefs, traditions, customs, rites of passage, celebrations)","Religion,Socioeconomic Status,Age",Maybe,No,
3/25/2019 6:48,"I consent, begin the survey",Student,Junior,Computer Science,Mathematics,Off-campus,,21-29,Male,Man,Heterosexual (straight),Non-immigrant,White or Cacasian,High school graduate (high school diploma or equivalent including GED),In a domestic partnership,No,Atheist,No,No,No,,Yes,"Classroom/coursework (specify),Friends",Maybe,Multivariate,Kimberle Crenshaw,"Socioeconomic Status,Sex/Gender,Race/Ethnicity,(Dis)ability (visible/hidden, learning, emotional, mental, physical)","Sexual Orientation,Religion,Culture (beliefs, traditions, customs, rites of passage, celebrations)","Culture (beliefs, traditions, customs, rites of passage, celebrations)","Socioeconomic Status,Age,Race/Ethnicity",No,Yes,identity
3/25/2019 12:20,"I consent, begin the survey",Student,Sophomore,Marketing,,Off-campus,,18-20,Female,Woman,Heterosexual (straight),Immigrant,Asian or Asian American,Some college but no degree,Single,No,"Christian (including Catholic, Protestant, and all other Christian denominations)",No,Yes,Yes,"NEWS (specify),Media/Internet (specify),Club(s)/event(s),BLM movement",Yes,"Classroom/coursework (specify),Club(s)/event(s) (specify),Social media/Internet,NEWS",Maybe,connection between different groups of people,Kimberle Crenshaw,"Sexual Orientation,Religion,Socioeconomic Status,Sex/Gender,Age,Race/Ethnicity,Culture (beliefs, traditions, customs, rites of passage, celebrations)","(Dis)ability (visible/hidden, learning, emotional, mental, physical)","Sexual Orientation,Religion,Sex/Gender,Culture (beliefs, traditions, customs, rites of passage, celebrations)","Culture (beliefs, traditions, customs, rites of passage, celebrations)",Yes,Yes,connected diversity
3/25/2019 12:27,"I consent, begin the survey",Student,Sophomore,Biomedical Sciences,Sociology,On-campus,,18-20,Female,Woman,Heterosexual (straight),Non-immigrant,White or Cacasian,Some college but no degree,Single,No,"Christian (including Catholic, Protestant, and all other Christian denominations)",No,No,No,,Yes,Classroom/coursework (specify),Maybe,having a lot of differences in one situation,Kimberle Crenshaw,"Socioeconomic Status,Sex/Gender","Sexual Orientation,Age",Religion,"Socioeconomic Status,Sex/Gender",Maybe,No,
3/25/2019 14:32,"I consent, begin the survey",Student,Junior,"Economics, Psychology",N/A,On-campus,,21-29,Male,Other (specify),Other (specify),Non-immigrant,White or Cacasian,Some college but no degree,In a domestic partnership,No,"Christian (including Catholic, Protestant, and all other Christian denominations)",No,Yes,No,"NEWS (specify),Media/Internet (specify),Classroom (specify),Conversation with other people,Family,Friends,Club(s)/event(s),BLM movement",Yes,"Classroom/coursework (specify),Club(s)/event(s) (specify),Social media/Internet,Conversation with other people",Yes,Victimhood,Kimberle Crenshaw,"Religion,Socioeconomic Status,Age","Sexual Orientation,Sex/Gender,Race/Ethnicity","Religion,Socioeconomic Status,Age",,No,No,
3/25/2019 17:02,"I consent, begin the survey",Student,Junior,Social Work ,Gender & Diversity Studies ,On-campus,,18-20,Female,Woman,Bisexual,Non-immigrant,White or Cacasian,Some college but no degree,Single,No,"Christian (including Catholic, Protestant, and all other Christian denominations)",Yes,Yes,Yes,"Media/Internet (specify),Friends",Yes,Classroom/coursework (specify),Yes,diversity,Kimberle Crenshaw,"Sexual Orientation,Socioeconomic Status,Race/Ethnicity,(Dis)ability (visible/hidden, learning, emotional, mental, physical)","Religion,Age,Culture (beliefs, traditions, customs, rites of passage, celebrations)","Religion,Culture (beliefs, traditions, customs, rites of passage, celebrations)","Sexual Orientation,Socioeconomic Status,Race/Ethnicity",Yes,No,
3/25/2019 17:56,"I consent, begin the survey",Student,Junior,Social work and gender & diversity studies ,Peace & justice studies and writing,On-campus,,21-29,Male,Man,Heterosexual (straight),Non-immigrant,White or Cacasian,High school graduate (high school diploma or equivalent including GED),Single,No,"Christian (including Catholic, Protestant, and all other Christian denominations)",No,No,No,,Yes,"Classroom/coursework (specify),Workplace,Social media/Internet,Training/workshop (specify)",Yes,diversity,Kimberle Crenshaw,"Sex/Gender,Race/Ethnicity","Socioeconomic Status,Age","Socioeconomic Status,Culture (beliefs, traditions, customs, rites of passage, celebrations),(Dis)ability (visible/hidden, learning, emotional, mental, physical)","Sexual Orientation,Sex/Gender,Race/Ethnicity",Yes,Yes,together 
3/26/2019 7:34,"I consent, begin the survey",Student,Sophomore,Finance,,Off-campus,,18-20,Male,Man,Heterosexual (straight),Non-immigrant,White or Cacasian,High school graduate (high school diploma or equivalent including GED),Single,No,"Christian (including Catholic, Protestant, and all other Christian denominations)",No,No,No,,No,,No,,Kimberle Crenshaw,"Religion,Socioeconomic Status,Age,Race/Ethnicity,Culture (beliefs, traditions, customs, rites of passage, celebrations),(Dis)ability (visible/hidden, learning, emotional, mental, physical)","Sexual Orientation,Sex/Gender","Religion,Socioeconomic Status",Religion,No,No,
3/26/2019 7:35,"I consent, begin the survey",Student,Sophomore,Marketing ,,Off-campus,,18-20,Male,Man,Heterosexual (straight),Non-immigrant,White or Cacasian,High school graduate (high school diploma or equivalent including GED),Single,No,"Christian (including Catholic, Protestant, and all other Christian denominations)",No,No,No,,No,,No,,Kimberle Crenshaw,"Religion,Socioeconomic Status,Age","Sexual Orientation,Sex/Gender,Race/Ethnicity","Culture (beliefs, traditions, customs, rites of passage, celebrations),(Dis)ability (visible/hidden, learning, emotional, mental, physical)","Religion,Socioeconomic Status",No,Yes,Advantage 
3/26/2019 7:55,"I consent, begin the survey",Student,First-Year,Nursing ,Na,On-campus,,18-20,Female,Woman,Heterosexual (straight),Non-immigrant,White or Cacasian,High school graduate (high school diploma or equivalent including GED),Single,No,"Christian (including Catholic, Protestant, and all other Christian denominations)",Yes,No,No,,No,,No,,Kimberle Crenshaw,"Religion,Socioeconomic Status,Culture (beliefs, traditions, customs, rites of passage, celebrations),(Dis)ability (visible/hidden, learning, emotional, mental, physical)","Sexual Orientation,Sex/Gender,Age,Race/Ethnicity","(Dis)ability (visible/hidden, learning, emotional, mental, physical)","Religion,Culture (beliefs, traditions, customs, rites of passage, celebrations)",Yes,Yes,Person
3/26/2019 9:12,"I consent, begin the survey",Student,First-Year,Health services administration ,,On-campus,,18-20,Female,Woman,Bisexual,Non-immigrant,White or Cacasian,High school graduate (high school diploma or equivalent including GED),Single,No,"Christian (including Catholic, Protestant, and all other Christian denominations)",Yes,No,No,,No,,No,,Kimberle Crenshaw,"Religion,Sex/Gender,(Dis)ability (visible/hidden, learning, emotional, mental, physical)","Socioeconomic Status,Age,Race/Ethnicity","Sexual Orientation,Culture (beliefs, traditions, customs, rites of passage, celebrations)","Sexual Orientation,Religion,Sex/Gender,Culture (beliefs, traditions, customs, rites of passage, celebrations),(Dis)ability (visible/hidden, learning, emotional, mental, physical)",Maybe,Yes,Acceptance 
3/26/2019 9:14,"I consent, begin the survey",Student,First-Year,Early Childhood Education,,Commute from home,,18-20,Female,Woman,Heterosexual (straight),Prefer not to answer,White or Cacasian,High school graduate (high school diploma or equivalent including GED),Single,No,"Christian (including Catholic, Protestant, and all other Christian denominations)",No,No,No,,No,,No,,Kimberle Crenshaw,"Religion,Age,Culture (beliefs, traditions, customs, rites of passage, celebrations)",Sexual Orientation,,"Religion,Culture (beliefs, traditions, customs, rites of passage, celebrations)",Maybe,Yes,Combination
3/26/2019 9:29,"I consent, begin the survey",Student,First-Year,Early Childhood Education,N/A,On-campus,,18-20,Female,Woman,Heterosexual (straight),Non-immigrant,White or Cacasian,Some college but no degree,Single,No,"Christian (including Catholic, Protestant, and all other Christian denominations)",No,No,No,,No,,No,,Kimberle Crenshaw,"Religion,Socioeconomic Status,Race/Ethnicity,(Dis)ability (visible/hidden, learning, emotional, mental, physical)","Sexual Orientation,Sex/Gender,Age,Culture (beliefs, traditions, customs, rites of passage, celebrations)","Sexual Orientation,Sex/Gender,Age,Culture (beliefs, traditions, customs, rites of passage, celebrations)","Sexual Orientation,Religion,Socioeconomic Status,Sex/Gender,Race/Ethnicity,(Dis)ability (visible/hidden, learning, emotional, mental, physical)",Yes,Yes,Cultures
3/26/2019 9:29,"I consent, begin the survey",Student,First-Year,Early Childhood Education,,On-campus,,18-20,Female,Woman,Heterosexual (straight),Non-immigrant,White or Cacasian,Some college but no degree,Single,No,"Christian (including Catholic, Protestant, and all other Christian denominations)",No,No,No,,No,,No,,Kimberle Crenshaw,"Religion,Socioeconomic Status,Sex/Gender,Age","Sexual Orientation,Race/Ethnicity,Culture (beliefs, traditions, customs, rites of passage, celebrations),(Dis)ability (visible/hidden, learning, emotional, mental, physical)","(Dis)ability (visible/hidden, learning, emotional, mental, physical)","Religion,Socioeconomic Status,Sex/Gender,Age,Culture (beliefs, traditions, customs, rites of passage, celebrations)",Yes,No,
3/26/2019 9:30,"I consent, begin the survey",Student,First-Year,PPP,N/A,On-campus,,18-20,Female,Woman,Bisexual,Non-immigrant,White or Cacasian,High school graduate (high school diploma or equivalent including GED),Single,No,Atheist,No,Yes,Yes,"Media/Internet (specify),Conversation with other people",Yes,Not sure,No,,Kimberle Crenshaw,"Sexual Orientation,Socioeconomic Status,Sex/Gender,(Dis)ability (visible/hidden, learning, emotional, mental, physical)","Religion,Age","Sexual Orientation,Socioeconomic Status,Sex/Gender,(Dis)ability (visible/hidden, learning, emotional, mental, physical)","Sexual Orientation,Socioeconomic Status,Sex/Gender",Yes,Yes,self-identity
3/26/2019 9:39,"I consent, begin the survey",Student,First-Year,Business Analytics,Information Systems & Spanish,On-campus,,18-20,Female,Woman,Heterosexual (straight),Non-immigrant,Black or African American,Some college but no degree,Single,No,"Christian (including Catholic, Protestant, and all other Christian denominations)",No,Yes,Yes,"NEWS (specify),Media/Internet (specify),Conversation with other people,Family,BLM movement",Maybe,Classroom/coursework (specify),Maybe,Combine,Kimberle Crenshaw,"Religion,Race/Ethnicity,Culture (beliefs, traditions, customs, rites of passage, celebrations)","Sexual Orientation,Sex/Gender,Age,(Dis)ability (visible/hidden, learning, emotional, mental, physical)",Socioeconomic Status,Religion,Yes,Yes,Forming
3/26/2019 9:57,"I consent, begin the survey",Student,First-Year,business undecided,political economy,On-campus,,18-20,Female,Woman,Heterosexual (straight),Non-immigrant,White or Cacasian,High school graduate (high school diploma or equivalent including GED),Single,No,"Christian (including Catholic, Protestant, and all other Christian denominations)",No,No,No,,Maybe,"High school,Conversation with other people",Maybe,connection,Kimberle Crenshaw,"Sexual Orientation,Religion,Socioeconomic Status,Sex/Gender,Culture (beliefs, traditions, customs, rites of passage, celebrations),(Dis)ability (visible/hidden, learning, emotional, mental, physical)","Age,Race/Ethnicity","Sexual Orientation,Religion,Sex/Gender,Race/Ethnicity,Culture (beliefs, traditions, customs, rites of passage, celebrations),(Dis)ability (visible/hidden, learning, emotional, mental, physical)","Sexual Orientation,Religion",Yes,Yes,differences and how we can change our mindset when considering others
3/26/2019 10:11,"I consent, begin the survey",Student,Junior,Psychology,Spanish,Off-campus,,18-20,Female,Woman,Bisexual,Non-immigrant,White or Cacasian,High school graduate (high school diploma or equivalent including GED),Single,No,Atheist,Yes,No,Yes,Club(s)/event(s),Yes,"Classroom/coursework (specify),Club(s)/event(s) (specify),Social media/Internet,Friends,Conversation with other people",Maybe,Diversity,Kimberle Crenshaw,"Religion,Sex/Gender,Race/Ethnicity,Culture (beliefs, traditions, customs, rites of passage, celebrations),(Dis)ability (visible/hidden, learning, emotional, mental, physical)","Sexual Orientation,Socioeconomic Status,Age","Sexual Orientation,Culture (beliefs, traditions, customs, rites of passage, celebrations)","Sexual Orientation,Sex/Gender,(Dis)ability (visible/hidden, learning, emotional, mental, physical)",Yes,No,
3/26/2019 10:12,"I consent, begin the survey",Student,First-Year,Music Education,,On-campus,,18-20,Female,Woman,Bisexual,Non-immigrant,White or Cacasian,High school graduate (high school diploma or equivalent including GED),Single,No,"Christian (including Catholic, Protestant, and all other Christian denominations)",Yes,Yes,No,"Conversation with other people,Family",Yes,"Family,High school,Conversation with other people",Maybe,diversity,Kimberle Crenshaw,"Sexual Orientation,Religion,Socioeconomic Status,Sex/Gender,Race/Ethnicity,(Dis)ability (visible/hidden, learning, emotional, mental, physical)",Age,"Socioeconomic Status,Culture (beliefs, traditions, customs, rites of passage, celebrations)","Sexual Orientation,Religion,Sex/Gender,(Dis)ability (visible/hidden, learning, emotional, mental, physical)",Yes,Yes,diversity
3/26/2019 10:21,"I consent, begin the survey",Student,First-Year,Business Analytics,N/A,On-campus,,18-20,Male,Man,Heterosexual (straight),Non-immigrant,White or Cacasian,High school graduate (high school diploma or equivalent including GED),Single,No,"Christian (including Catholic, Protestant, and all other Christian denominations)",No,Yes,No,Media/Internet (specify),No,,No,,Kimberle Crenshaw,,,,,No,No,
3/26/2019 10:27,"I consent, begin the survey",Student,First-Year,Early Childhood Education,Special Education,On-campus,,18-20,Female,Woman,Heterosexual (straight),Non-immigrant,White or Cacasian,Some college but no degree,Single,No,Jewish,No,No,No,,Maybe,Not sure,No,,Kimberle Crenshaw,,Socioeconomic Status,"Culture (beliefs, traditions, customs, rites of passage, celebrations)","Socioeconomic Status,Sex/Gender,Age",Maybe,No,
3/26/2019 10:58,"I consent, begin the survey",Student,First-Year,Computer Science,Business,On-campus,,18-20,Male,Man,Heterosexual (straight),Non-immigrant,White or Cacasian,High school graduate (high school diploma or equivalent including GED),Single,No,"Christian (including Catholic, Protestant, and all other Christian denominations)",No,No,Yes,Family,No,,No,,Kimberle Crenshaw,Sexual Orientation,Race/Ethnicity,"Culture (beliefs, traditions, customs, rites of passage, celebrations)",Socioeconomic Status,No,Yes,Something intersecting
3/26/2019 15:12,"I consent, begin the survey",Student,Senior,human centered making,,Off-campus,,21-29,Female,Woman,Other (specify),Non-immigrant,From multiple races,Associate degree in college (2-year),Single,No,"Christian (including Catholic, Protestant, and all other Christian denominations)",Yes,No,No,,Yes,"Social media/Internet,Conversation with other people",Maybe,connectivity,Kimberle Crenshaw,"Sexual Orientation,Sex/Gender,Race/Ethnicity,Culture (beliefs, traditions, customs, rites of passage, celebrations)","Religion,Socioeconomic Status,(Dis)ability (visible/hidden, learning, emotional, mental, physical)",Sexual Orientation,"Culture (beliefs, traditions, customs, rites of passage, celebrations)",Yes,Yes,discrimination 
3/26/2019 16:47,"I consent, begin the survey",Student,Junior,Occupational Therapy,Deaf Studies,Off-campus,,18-20,Female,Woman,Heterosexual (straight),Non-immigrant,White or Cacasian,Associate degree in college (2-year),Single,No,"Christian (including Catholic, Protestant, and all other Christian denominations)",No,Yes,No,NEWS (specify),No,,No,,Kimberle Crenshaw,"Socioeconomic Status,Sex/Gender,(Dis)ability (visible/hidden, learning, emotional, mental, physical)",Age,"Sex/Gender,Age","Socioeconomic Status,Sex/Gender",Yes,Yes,Interconnected
3/28/2019 13:19,"I consent, begin the survey",Student,Senior,History,Peace and Justice Studies,Off-campus,,18-20,Male,Man,Heterosexual (straight),Non-immigrant,White or Cacasian,Some college but no degree,Single,No,"Christian (including Catholic, Protestant, and all other Christian denominations)",Yes,Yes,No,"NEWS (specify),Media/Internet (specify),Classroom (specify),Conversation with other people,BLM movement",Yes,"Classroom/coursework (specify),Club(s)/event(s) (specify),NEWS,Department/Office on campus (specify),High school,Conversation with other people",Yes,Confusing,Kimberle Crenshaw,"Religion,Socioeconomic Status,Sex/Gender,Age,(Dis)ability (visible/hidden, learning, emotional, mental, physical)",,"Religion,Sex/Gender,(Dis)ability (visible/hidden, learning, emotional, mental, physical)","Religion,Sex/Gender,(Dis)ability (visible/hidden, learning, emotional, mental, physical)",Maybe,Yes,Good
3/28/2019 18:43,"I consent, begin the survey",Student,First-Year,Nursing,Social Work ,On-campus,,18-20,Female,Woman,Heterosexual (straight),Non-immigrant,"White or Cacasian,Other (specify)",High school graduate (high school diploma or equivalent including GED),Single,No,"Christian (including Catholic, Protestant, and all other Christian denominations)",No,No,No,,Maybe,"Classroom/coursework (specify),NEWS,High school",No,,Kimberle Crenshaw,"Sex/Gender,Race/Ethnicity,Culture (beliefs, traditions, customs, rites of passage, celebrations)","Religion,Age,(Dis)ability (visible/hidden, learning, emotional, mental, physical)","Sexual Orientation,Socioeconomic Status",Race/Ethnicity,No,No,
3/29/2019 6:49,"I consent, begin the survey",Student,Sophomore,GDST,ENGL; COMM,On-campus,,18-20,Female,Woman,Heterosexual (straight),Non-immigrant,White or Cacasian,Some college but no degree,Single,No,"Christian (including Catholic, Protestant, and all other Christian denominations)",No,No,Yes,"Classroom (specify),Conversation with other people,BLM movement",Yes,"Classroom/coursework (specify),Club(s)/event(s) (specify),Department/Office on campus (specify),Movement(s) (specify),Friends,Kimberle Crenshaw",Yes,diversity,Kimberle Crenshaw,"Sexual Orientation,Sex/Gender,Race/Ethnicity","Socioeconomic Status,(Dis)ability (visible/hidden, learning, emotional, mental, physical)","Socioeconomic Status,(Dis)ability (visible/hidden, learning, emotional, mental, physical)","Sexual Orientation,Sex/Gender,Race/Ethnicity",Yes,No,
3/29/2019 9:38,"I consent, begin the survey",Student,Graduate,,,Off-campus,,21-29,Female,Woman,Heterosexual (straight),Non-immigrant,"White or Cacasian,Other (specify)",Bachelor's degree in college (4-year),Single,No,"Christian (including Catholic, Protestant, and all other Christian denominations)",No,Yes,Yes,"NEWS (specify),Media/Internet (specify),Classroom (specify)",Yes,"Classroom/coursework (specify),Club(s)/event(s) (specify),Social media/Internet,Training/workshop (specify),Department/Office on campus (specify),Movement(s) (specify),Friends",Yes,"Intersecting identities that create a unique experience; no two experiences are alike; it's important to analyze others as a whole, not just relying on one identity; Do not be assuming of others multiple identities, let your understanding come with time (don't push).",Kimberle Crenshaw,Sex/Gender,"Religion,Age,Race/Ethnicity,(Dis)ability (visible/hidden, learning, emotional, mental, physical)","Sexual Orientation,Religion,Socioeconomic Status,Sex/Gender,Age,Culture (beliefs, traditions, customs, rites of passage, celebrations)","Sex/Gender,Age",Maybe,No,
4/1/2019 9:56,"I consent, begin the survey",Student,Junior,Mathematics and Computer Science,Statistics,Off-campus,,18-20,Female,Woman,Heterosexual (straight),Non-immigrant,White or Cacasian,Some college but no degree,Single,No,"Christian (including Catholic, Protestant, and all other Christian denominations)",No,No,No,,Maybe,"Club(s)/event(s) (specify),Social media/Internet,Friends,Conversation with other people",Maybe,connections between multiple groups,Kimberle Crenshaw,"Religion,Sex/Gender,Age","Sexual Orientation,Socioeconomic Status,Race/Ethnicity,(Dis)ability (visible/hidden, learning, emotional, mental, physical)","Religion,Culture (beliefs, traditions, customs, rites of passage, celebrations)","Sex/Gender,Age",Yes,Yes,characteristics
4/5/2019 11:51,"I consent, begin the survey",Student,Junior,"Philosophy, Politics, & the Public and Computer Science ",n/a,Off-campus,,18-20,Female,Woman,Heterosexual (straight),Non-immigrant,White or Cacasian,Some college but no degree,Single,No,"Christian (including Catholic, Protestant, and all other Christian denominations)",No,No,Yes,"Media/Internet (specify),BLM movement",Yes,"Social media/Internet,Conversation with other people",Maybe,gender and race identities ,,,,,,,,
4/5/2019 11:55,"I consent, begin the survey",Student,Sophomore,"Physics, Computer Science",Mathematics,Commute from home,,18-20,Female,Woman,Heterosexual (straight),Non-immigrant,White or Cacasian,High school graduate (high school diploma or equivalent including GED),Single,No,"Christian (including Catholic, Protestant, and all other Christian denominations)",No,Yes,No,BLM movement,Yes,"Workplace,Social media/Internet",Maybe,Solidarity,,,,,,,,
4/5/2019 12:10,"I consent, begin the survey",Student,Senior,Computer Science ,,Commute from home,,18-20,Male,Man,Homosexual (gay),Non-immigrant,White or Cacasian,Some college but no degree,Single,No,Atheist,No,No,No,,Yes,Social media/Internet,No,,,,,,,,,
4/5/2019 13:18,"I consent, begin the survey",Student,Other (specify),,,Commute from home,,30-39,Female,Non-binary,Other (specify),Non-immigrant,White or Cacasian,"Professional degree (JD, MD)",Other,No,Other (specify),Yes,No,No,,Yes,"Social media/Internet,NEWS,Friends,Conversation with other people,Not sure",Yes,multiple,Kimberle Crenshaw,"Sexual Orientation,Religion,Socioeconomic Status,Race/Ethnicity,(Dis)ability (visible/hidden, learning, emotional, mental, physical)",Age,"Sexual Orientation,Religion,Culture (beliefs, traditions, customs, rites of passage, celebrations),(Dis)ability (visible/hidden, learning, emotional, mental, physical)","Religion,Culture (beliefs, traditions, customs, rites of passage, celebrations),(Dis)ability (visible/hidden, learning, emotional, mental, physical)",Maybe,No,
4/5/2019 18:29,"I consent, begin the survey",Student,Junior,Computer Science,Mathematics,On-campus,,21-29,Female,Woman,Heterosexual (straight),Non-immigrant,White or Cacasian,High school graduate (high school diploma or equivalent including GED),Single,No,"Christian (including Catholic, Protestant, and all other Christian denominations)",No,No,Yes,"NEWS (specify),Media/Internet (specify),Conversation with other people,Friends,Club(s)/event(s)",Yes,Social media/Internet,Maybe,Roads crossing,,,,,,,,
4/9/2019 17:33,"I consent, begin the survey",Student,First-Year,Business Undecided,,On-campus,,18-20,Female,Woman,Other (specify),Non-immigrant,"White or Cacasian,American Indian or Alaska Native",Some college but no degree,Other,No,Other (specify),Yes,No,No,,Yes,"Classroom/coursework (specify),Club(s)/event(s) (specify),Department/Office on campus (specify)",Yes,Personality ,Kimberle Crenshaw,"Sexual Orientation,Socioeconomic Status,Sex/Gender,(Dis)ability (visible/hidden, learning, emotional, mental, physical)","Religion,Age,Race/Ethnicity,Culture (beliefs, traditions, customs, rites of passage, celebrations)","Culture (beliefs, traditions, customs, rites of passage, celebrations)","Sexual Orientation,Socioeconomic Status,(Dis)ability (visible/hidden, learning, emotional, mental, physical)",Yes,No,
4/10/2019 12:23,"I consent, begin the survey",Student,Graduate,,,Off-campus,,21-29,Female,Woman,Heterosexual (straight),Non-immigrant,Asian or Asian American,Bachelor's degree in college (4-year),Prefer not to answer,No,Hindu,No,No,No,,No,,No,,,,,,,,,
4/11/2019 15:21,"I consent, begin the survey",Student,Senior,Computer science,,Off-campus,,21-29,Male,Man,Heterosexual (straight),Non-immigrant,Asian or Asian American,Some college but no degree,Single,No,"Christian (including Catholic, Protestant, and all other Christian denominations)",No,Yes,Yes,Media/Internet (specify),No,,No,,Kimberle Crenshaw,,,,,,,
